id;title;description;price;tag;expire
1;Steel;Assistant;57374;monetize Consultant wireless;2022-10-21
2;reboot;deposit Track actuating;64964;Division;2022-10-21
3;Card;navigating Michigan;32061;Korea transmitting New;2022-10-20
4;Generic;Lao;29161;Small digital Oklahoma;2022-10-20
5;throughput;Data distributed;20505;Sports COM Implementation;2022-10-21
6;Shirt Ethiopia;Crossroad CSS;15521;Keyboard;2022-10-20
7;Ball pixel;Account;68319;cross-platform;2022-10-20
8;online virtual;hacking;36445;Sleek metrics;2022-10-20
9;Data;sticky Harbors Automotive;41021;Ergonomic Ergonomic;2022-10-21
10;deposit;Cambridgeshire Chair;31837;Operations Chicken;2022-10-20
